order_id,customer_name,email,city,order_date,product,quantity,unit_price,status
ORD-1047,  ETHAN PATEL ,ethan.patel7@example.com,Brisbane,03/11/2026,Monitor,4,,Pending
ORD-1030,Arjun Martin,arjun.martin92@example.com,Adelaide,04/21/2026,Monitor,,349.00,Cancelled
ORD-1163,Chloe Brown,chloe.brown22@example.com,Perth,2026/7/22,Mouse,2,39.95,Shipped
ORD-1124,Isla Martin,isla.martin76@example.com,Melbourne,05/20/2026,Headphones,4,199.99,pending
ORD-1019,Arjun Martin,arjun.martin65@example.com,Perth,04/18/2026,Laptop,1,1299.00,Pending
ORD-1156,Zara Smith,,adelaide,07/13/2026,Laptop,4,1299.00,Cancelled
ORD-1044,Noah Chen,noah.chen71@example.com,Sydney,08/12/2026,Keyboard,5,89.50,Pending
ORD-1009,Lucas Patel,lucas.patel82@example.com,Perth,05/04/2026,Headphones,5,199.99,shipped
ORD-1130,Arjun Patel,arjun.patel35@example.com,Brisbane,09/27/2026,Headphones,2,199.99,Pending
ORD-1192,Ananya Chen,ananya.chen55example.com,Perth,07/25/2026,Keyboard,5,89.50,Cancelled
ORD-1014,Zara Smith,zara.smith32@example.com,Adelaide,02/26/2026,Monitor,3,349.00,Shipped
ORD-1182,Mei Chen,mei.chen52@example.com,Brisbane,02/21/2026,Monitor,1,349.00,Pending
ORD-1066,Zara Sharma,zara.sharma30@example.com,Perth,05/27/2026,Webcam,4,79.00,Pending
ORD-1087,Ethan Chen,ethan.chen42@example.com,Brisbane,01/13/2026,Keyboard,1,,Shipped
ORD-1162,Chloe Singh,chloe.singh71@example.com,Brisbane,06/03/2026,Laptop,,1299.00,Delivered
ORD-1133,Arjun Nguyen,arjun.nguyen43@example.com,Melbourne,02/10/2026,Laptop,1,1299.00,Pending
ORD-1113,Oliver Singh,,Sydney,03/26/2026,Laptop,2,1299.00,Cancelled
ORD-1039,Liam Nguyen,liam.nguyen74@example.com,Melbourne,05/01/2026,Laptop,5,1299.00,Cancelled
ORD-1110,Ethan Sharma,ethan.sharma57@example.com,Perth,06/12/2026,Headphones,4,199.99,Delivered
ORD-1135,Sofia Chen,sofia.chen24@example.com,Perth,02/13/2026,Keyboard,1,89.50,Shipped
ORD-1001,Zara Smith,zara.smith18@example.com,Adelaide,04/08/2026,Webcam,3,$79.00,Delivered
ORD-1069,Sofia Singh,sofia.singh69@example.com,Melbourne,05/01/2026,Laptop,4,1299.00,Delivered
ORD-1184,Isla Sharma,isla.sharma21@example.com,Adelaide,02/01/2026,Laptop,4,1299.00,Cancelled
ORD-1123,Ananya Wilson,,perth ,09/07/2026,Keyboard,2,89.50,Delivered
ORD-1149,Oliver Patel,oliver.patel96@example.com,Adelaide,02/24/2026,Headphones,2,199.99,Cancelled
ORD-1086,Lucas Chen,,Sydney,04/18/2026,Headphones,,199.99,Pending
ORD-1097,Aisha Chen,aisha.chen97@example.com,Melbourne,05/15/2026,Webcam,2,79.00,Cancelled
ORD-1190,Lucas Chen,lucas.chen64example.com,Melbourne,04/26/2026,Webcam,1,79.00,Cancelled
ORD-1136,Ethan Martin,ethan.martin8@example.com,Adelaide,04/23/2026,Keyboard,3,89.50,Delivered
ORD-1126,Zara Brown,zara.brown57@example.com,Adelaide,01/07/2026,Mouse,1,39.95,Pending
ORD-1186,Noah Taylor,,Adelaide,09/08/2026,Headphones,5,199.99,Cancelled
ORD-1168,Chloe Chen,chloe.chen77example.com,Perth,09/23/2026,Laptop,3,1299.00,Delivered
ORD-1161,Priya Chen,,Sydney,06/11/2026,Webcam,4,79.00,Delivered
ORD-1010,Aisha Smith,aisha.smith73example.com,Melbourne,04/02/2026,Keyboard,2,89.50,Delivered
ORD-1025,Sofia Wilson,sofia.wilson52@example.com,Melb,,Laptop,3,1299.00,Pending
ORD-1002,Aisha Singh,aisha.singh58@example.com,sydney,04/14/2026,Webcam,5,79.00,Pending
ORD-1172,Chloe Nguyen,chloe.nguyen52@example.com,Melbourne,04/15/2026,Mouse,4,39.95,Shipped
ORD-1021,Mei Singh,,Brisbane,07/03/2026,Keyboard,1,89.50,Delivered
ORD-1144,Ananya Sharma,ananya.sharma58@example.com,SYD,01/04/2026,Headphones,1,199.99,delivered
ORD-1118,Arjun Brown,arjun.brown21@example.com,Brisbane,01/03/2026,Keyboard,4,89.50,Cancelled
ORD-1072,Liam Taylor,liam.taylor28@example.com,Perth,06/02/2026,Monitor,3,349.00,Cancelled
ORD-1164,Oliver Patel,oliver.patel59@example.com,SYD,04/20/2026,Webcam,4,79.00,Delivered
ORD-1059,Oliver Wilson,oliver.wilson25@example.com,Perth,06/15/2026,Mouse,,39.95,Shipped
ORD-1151,Ethan Brown,ethan.brown38@example.com,Sydney,07/18/2026,Laptop,3,1299.00,Shipped
ORD-1037,  OLIVER CHEN ,oliver.chen61@example.com,Melb,02/27/2026,Monitor,-3,349.00,delivered
ORD-1127,Lucas Sharma,lucas.sharma85@example.com,Sydney,,Mouse,2,39.95,Cancelled
ORD-1076,Oliver Singh,oliver.singh79@example.com,Perth,04/17/2026,Laptop,4,1299.00,delivered
ORD-1048,Priya Martin,priya.martin98@example.com,Melbourne,09/04/2026,Laptop,2,1299.00,Cancelled
ORD-1160,Mei Taylor,mei.taylor56@example.com,Brisbane,07/18/2026,Headphones,3,199.99,Shipped
ORD-1089,Oliver Nguyen,oliver.nguyen23@example.com,Sydney,,Laptop,2,1299.00,Shipped
ORD-1140,Ethan Sharma,ethan.sharma51@example.com,Perth,01/24/2026,Monitor,,349.00,pending
ORD-1188,Zara Nguyen,zara.nguyen53@example.com,BRISBANE,2026/3/21,Keyboard,2,89.50,Cancelled
ORD-1145,Mei Brown,mei.brown31@example.com,Perth,06/20/2026,Keyboard,5,89.50,Pending
ORD-1125,Liam Chen,liam.chen34@example.com,Perth,,Keyboard,1,89.50,Shipped
ORD-1128,Lucas Patel,lucas.patel72@example.com,Perth,05/08/2026,Monitor,2,349.00,Pending
ORD-1015,Jack Singh,jack.singh12@example.com,Adelaide,01/27/2026,Laptop,5,$1299.00,Shipped
ORD-1098,Ethan Taylor,ethan.taylor54@example.com,Brisbane,2026/9/17,Keyboard,4,89.50,Shipped
ORD-1095,Lucas Singh,lucas.singh3@example.com,Adelaide,06/17/2026,Webcam,4,79.00,Pending
ORD-1101,Isla Taylor,isla.taylor11@example.com,Sydney,01/15/2026,Webcam,4,79.00,Delivered
ORD-1154,Arjun Sharma,arjun.sharma3@example.com,Adelaide,01/14/2026,Mouse,5,39.95,Pending
ORD-1175,Mei Smith,mei.smith54@example.com,Sydney,07/17/2026,Keyboard,2,89.50,Shipped
ORD-1194,Mei Nguyen,mei.nguyen21@example.com,Adelaide,01/23/2026,Laptop,2,1299.00,Cancelled
ORD-1122,Ethan Singh,ethan.singh50@example.com,Sydney,02/10/2026,Keyboard,5,89.50,Cancelled
ORD-1091,Aisha Wilson,aisha.wilson50@example.com,Melbourne,09/20/2026,Laptop,,1299.00,Cancelled
ORD-1130,Arjun Patel,arjun.patel35@example.com,Brisbane,09/27/2026,Headphones,2,199.99,Pending
ORD-1029,  CHLOE TAYLOR ,chloe.taylor85example.com,Sydney,09/10/2026,Webcam,1,79.00,Pending
ORD-1173,Aisha Brown,aisha.brown69@example.com,Sydney,2026/2/19,Keyboard,1,89.50,Shipped
ORD-1171,Liam Taylor,,Brisbane,2026/1/10,Keyboard,1,89.50,Delivered
ORD-1109,Oliver Martin,oliver.martin47@example.com,BRISBANE,07/03/2026,Keyboard,-1,89.50,Shipped
ORD-1193,Ananya Nguyen,ananya.nguyen40@example.com,Perth,02/19/2026,Keyboard,two,89.50,Cancelled
ORD-1090,Arjun Martin,arjun.martin9@example.com,Perth,08/05/2026,Keyboard,-3,89.50,Cancelled
ORD-1042,Noah Smith,noah.smith73@example.com,Melbourne,08/25/2026,Monitor,2,349.00,Cancelled
ORD-1065,Mei Brown,mei.brown74@example.com,Brisbane,07/08/2026,Monitor,1,349.00,Pending
ORD-1073,Aisha Chen,aisha.chen12@example.com,Melbourne,08/28/2026,Headphones,1,199.99,Shipped
ORD-1158,Aisha Brown,aisha.brown21@example.com,Perth,05/03/2026,Headphones,4,199.99,Shipped
ORD-1063,Priya Brown,,Perth,03/22/2026,Monitor,5,349.00,Shipped
ORD-1199,Oliver Martin,oliver.martin20@example.com,BRISBANE,04/25/2026,Headphones,5,$199.99,Delivered
ORD-1094,Oliver Smith,oliver.smith84@example.com,Perth,05/12/2026,Webcam,2,79.00,Cancelled
ORD-1111,Arjun Singh,arjun.singh91@example.com,Brisbane,05/09/2026,Mouse,1,39.95,Cancelled
ORD-1115,Chloe Martin,chloe.martin16@example.com,Sydney,01/17/2026,Headphones,4,199.99,Shipped
ORD-1003,Liam Chen,liam.chen6@example.com,Adelaide,05/20/2026,Keyboard,3,89.50,Cancelled
ORD-1197,  JACK SHARMA ,jack.sharma32@example.com,Perth,06/08/2026,Webcam,4,79.00,Cancelled
ORD-1185,Jack Patel,,Adelaide,02/09/2026,Webcam,3,79.00,Shipped
ORD-1100,  SOFIA SHARMA ,sofia.sharma11@example.com,Brisbane,07/08/2026,Mouse,3,39.95,Pending
ORD-1176,Priya Taylor,priya.taylor80@example.com,Melbourne,08/11/2026,Headphones,2,199.99,Delivered
ORD-1099,Liam Singh,liam.singh35@example.com,ADELAIDE,03/25/2026,Keyboard,1,89.50,Cancelled
ORD-1026,Lucas Wilson,lucas.wilson74@example.com,Brisbane,07/04/2026,Mouse,5,39.95,Shipped
ORD-1118,Arjun Brown,arjun.brown21@example.com,Brisbane,01/03/2026,Keyboard,4,89.50,Cancelled
ORD-1018,Sofia Martin,sofia.martin86@example.com,Perth,04/09/2026,Mouse,3,39.95,Pending
ORD-1050,Lucas Martin,lucas.martin91@example.com,Brisbane,05/08/2026,Keyboard,1,89.50,Pending
ORD-1107,Ananya Wilson,ananya.wilson24@example.com,Brisbane,06/13/2026,Monitor,4,,Cancelled
ORD-1012,Liam Wilson,liam.wilson1@example.com,adelaide,04/08/2026,Mouse,5,,Delivered
ORD-1157,Liam Singh,liam.singh35@example.com,Adelaide,08/28/2026,Headphones,2,199.99,Delivered
ORD-1062,Zara Patel,zara.patel98@example.com,Sydney,02/14/2026,Webcam,,79.00,Delivered
ORD-1071,Arjun Smith,arjun.smith59@example.com,Adelaide,07/05/2026,Headphones,5,199.99,Pending
ORD-1053,Jack Martin,jack.martin98@example.com,Perth,01/19/2026,Laptop,3,1299.00,Shipped
ORD-1117,Oliver Martin,oliver.martin84@example.com,Adelaide,05/02/2026,Laptop,1,1299.00,Shipped
ORD-1167,Lucas Smith,lucas.smith31@example.com,Brisbane,05/05/2026,Webcam,-4,79.00,Pending
ORD-1083,Zara Chen,zara.chen28@example.com,Adelaide,09/03/2026,Headphones,1,199.99,Cancelled
ORD-1129,Oliver Singh,oliver.singh49@example.com,Melbourne,09/19/2026,Keyboard,1,89.50,Cancelled
ORD-1153,Jack Smith,,Adelaide,04/05/2026,Laptop,4,1299.00,Shipped
ORD-1080,  LUCAS WILSON ,lucas.wilson72@example.com,Sydney,09/19/2026,Mouse,1,39.95,Pending
ORD-1178,Ananya Taylor,ananya.taylor35@example.com,Perth,02/19/2026,Mouse,1,39.95,Pending
ORD-1005,Lucas Smith,lucas.smith21@example.com,Perth,04/18/2026,Webcam,2,79.00,Cancelled
ORD-1137,Zara Patel,zara.patel62@example.com,Melbourne,03/08/2026,Mouse,2,39.95,Shipped
ORD-1058,Jack Smith,jack.smith35@example.com,Melbourne,09/26/2026,Monitor,3,349.00,Delivered
ORD-1108,Jack Nguyen,jack.nguyen42@example.com,Perth,02/04/2026,Keyboard,3,89.50,pending
ORD-1148,Jack Wilson,jack.wilson49@example.com,Adelaide,05/02/2026,Mouse,2,39.95,Delivered
ORD-1131,Aisha Smith,aisha.smith1@example.com,Brisbane,03/04/2026,Keyboard,4,89.50,Shipped
ORD-1096,Mei Smith,mei.smith99@example.com,Perth,06/02/2026,Mouse,5,39.95,Shipped
ORD-1046,Mei Brown,,Melb,09/01/2026,Headphones,3,199.99,Pending
ORD-1023,Noah Smith,noah.smith31@example.com,Melbourne,03/20/2026,Mouse,,39.95,Shipped
ORD-1055,Mei Wilson,mei.wilson85@example.com,Adelaide,01/27/2026,Monitor,5,349.00,Cancelled
ORD-1088,Ethan Chen,ethan.chen96@example.com,Perth,05/28/2026,Laptop,4,1299.00,Pending
ORD-1049,Sofia Patel,sofia.patel98@example.com,Perth,02/20/2026,Mouse,1,39.95,Shipped
ORD-1152,  ANANYA TAYLOR ,ananya.taylor22@example.com,Brisbane,06/24/2026,Monitor,2,349.00,shipped
ORD-1152,  ANANYA TAYLOR ,ananya.taylor22@example.com,Brisbane,06/24/2026,Monitor,2,349.00,shipped
ORD-1134,Ananya Smith,,Melbourne,05/21/2026,Headphones,4,199.99,Shipped
ORD-1093,Oliver Patel,,BRISBANE,01/22/2026,Monitor,3,349.00,Pending
ORD-1106,Noah Sharma,,Melbourne,09/13/2026,Keyboard,5,$89.50,Pending
ORD-1169,Zara Chen,zara.chen34@example.com,Melbourne,02/01/2026,Monitor,1,349.00,Shipped
ORD-1074,Liam Singh,liam.singh43@example.com,Sydney,04/27/2026,Mouse,2,39.95,Shipped
ORD-1192,Ananya Chen,ananya.chen55example.com,Perth,07/25/2026,Keyboard,5,89.50,Cancelled
ORD-1139,Chloe Nguyen,chloe.nguyen88@example.com,Sydney,02/15/2026,Keyboard,5,$89.50,Shipped
ORD-1007,Chloe Patel,chloe.patel29@example.com,perth ,06/13/2026,Monitor,5,349.00,Shipped
ORD-1196,Oliver Nguyen,,Melbourne,02/22/2026,Laptop,5,1299.00,Delivered
ORD-1121,Oliver Sharma,oliver.sharma37@example.com,Adelaide,08/20/2026,Keyboard,4,89.50,Delivered
ORD-1164,Oliver Patel,oliver.patel59@example.com,SYD,04/20/2026,Webcam,4,79.00,Delivered
ORD-1147,Jack Brown,jack.brown8@example.com,Melbourne,2026/8/26,Webcam,2,79.00,Cancelled
ORD-1085,  MEI MARTIN ,,Brisbane,04/02/2026,Mouse,3,39.95,Delivered
ORD-1166,Oliver Chen,oliver.chen76@example.com,Melbourne,04/04/2026,Monitor,3,349.00,Shipped
ORD-1033,Zara Brown,zara.brown31@example.com,Melbourne,05/23/2026,Monitor,1,349.00,Pending
ORD-1114,Mei Chen,mei.chen74@example.com,Brisbane,07/25/2026,Mouse,4,39.95,Delivered
ORD-1142,Isla Chen,isla.chen16@example.com,Brisbane,2026/6/5,Laptop,5,1299.00,Shipped
ORD-1017,Chloe Singh,chloe.singh9@example.com,Sydney,2026/3/3,Laptop,5,1299.00,Delivered
ORD-1006,Noah Sharma,noah.sharma73@example.com,Melbourne,04/03/2026,Monitor,3,349.00,Pending
ORD-1195,Mei Smith,mei.smith9@example.com,Adelaide,09/09/2026,Keyboard,4,89.50,Pending
ORD-1159,  LUCAS SMITH ,lucas.smith56@example.com,Perth,02/02/2026,Webcam,3,79.00,Shipped
ORD-1022,Aisha Smith,aisha.smith48@example.com,ADELAIDE,01/18/2026,Webcam,2,79.00,Shipped
ORD-1096,Mei Smith,mei.smith99@example.com,Perth,06/02/2026,Mouse,5,39.95,Shipped
ORD-1103,  AISHA MARTIN ,aisha.martin86@example.com,Melbourne,03/14/2026,Headphones,5,199.99,Delivered
ORD-1051,Isla Brown,,Brisbane,03/08/2026,Laptop,5,1299.00,Shipped
ORD-1035,Oliver Patel,oliver.patel78@example.com,Brisbane,09/24/2026,Monitor,5,349.00,Shipped
ORD-1057,Liam Nguyen,liam.nguyen54@example.com,Brisbane,05/17/2026,Webcam,3,79.00,Cancelled
ORD-1020,Mei Martin,mei.martin18example.com,perth ,02/10/2026,Laptop,5,1299.00,Pending
ORD-1004,Ethan Brown,ethan.brown11@example.com,Adelaide,05/25/2026,Laptop,2,1299.00,Shipped
ORD-1032,Isla Taylor,isla.taylor58@example.com,Perth,09/14/2026,Webcam,5,79.00,Shipped
ORD-1036,Jack Taylor,jack.taylor76example.com,Sydney,07/01/2026,Mouse,5,39.95,Delivered
ORD-1027,Zara Brown,zara.brown80@example.com,Melb,06/22/2026,Monitor,1,349.00,Pending
ORD-1177,Sofia Taylor,sofia.taylor11@example.com,Brisbane,03/16/2026,Webcam,4,79.00,Delivered
ORD-1025,Sofia Wilson,sofia.wilson52@example.com,Melb,,Laptop,3,1299.00,Pending
ORD-1165,Jack Martin,jack.martin62@example.com,Sydney,04/20/2026,Keyboard,3,89.50,Pending
ORD-1141,Isla Smith,isla.smith99@example.com,Brisbane,03/14/2026,Laptop,3,1299.00,Shipped
ORD-1143,Arjun Singh,arjun.singh32@example.com,Brisbane,04/27/2026,Mouse,4,39.95,Cancelled
ORD-1179,Zara Brown,zara.brown12@example.com,melbourne,06/09/2026,Laptop,4,1299.00,Cancelled
ORD-1104,Jack Taylor,jack.taylor96@example.com,adelaide,05/12/2026,Webcam,4,79.00,Delivered
ORD-1008,Sofia Chen,sofia.chen2@example.com,Perth,09/09/2026,Monitor,5,349.00,Delivered
ORD-1045,Noah Wilson,noah.wilson25@example.com,Adelaide,03/25/2026,Webcam,5,79.00,Shipped
ORD-1149,Oliver Patel,oliver.patel96@example.com,Adelaide,02/24/2026,Headphones,2,199.99,Cancelled
ORD-1077,Jack Chen,jack.chen10@example.com,BRISBANE,08/16/2026,Webcam,1,79.00,Delivered
ORD-1013,Noah Singh,noah.singh32@example.com,Sydney,08/19/2026,Webcam,5,79.00,Cancelled
ORD-1132,Zara Sharma,zara.sharma95@example.com,Adelaide,09/08/2026,Webcam,5,79.00,Delivered
ORD-1102,Mei Smith,mei.smith9@example.com,Adelaide,08/21/2026,Headphones,4,199.99,Delivered
ORD-1181,Chloe Smith,chloe.smith90@example.com,Sydney,03/09/2026,Monitor,1,349.00,Shipped
ORD-1064,Mei Taylor,,Melbourne,08/26/2026,Webcam,1,79.00,Shipped
ORD-1174,Sofia Martin,sofia.martin59@example.com,Brisbane,06/12/2026,Mouse,1,,Shipped
ORD-1038,Noah Brown,noah.brown61@example.com,Adelaide,03/08/2026,Mouse,2,39.95,Delivered
ORD-1200,Sofia Patel,sofia.patel63@example.com,ADELAIDE,07/08/2026,Headphones,5,199.99,Delivered
ORD-1056,Chloe Nguyen,chloe.nguyen81@example.com,Melbourne,01/04/2026,Monitor,4,349.00,Shipped
ORD-1011,Chloe Nguyen,chloe.nguyen70@example.com,Melbourne,04/14/2026,Mouse,5,39.95,Shipped
ORD-1155,Isla Smith,isla.smith33@example.com,Perth,09/07/2026,Headphones,2,199.99,Pending
ORD-1078,Chloe Patel,chloe.patel90@example.com,Brisbane,02/14/2026,Mouse,5,39.95,Delivered
ORD-1041,Isla Taylor,isla.taylor84@example.com,Sydney,09/24/2026,Monitor,2,349.00,Pending
ORD-1024,Ananya Brown,ananya.brown61@example.com,Melbourne,01/13/2026,Headphones,1,199.99,Shipped
ORD-1183,Liam Taylor,liam.taylor55@example.com,Melbourne,04/13/2026,Laptop,5,1299.00,Shipped
ORD-1068,Chloe Singh,chloe.singh38@example.com,Melbourne,08/27/2026,Headphones,3,199.99,Pending
ORD-1119,Oliver Chen,oliver.chen41@example.com,Sydney,02/18/2026,Keyboard,two,89.50,Shipped
ORD-1079,Oliver Taylor,oliver.taylor41@example.com,Brisbane,07/11/2026,Monitor,-1,349.00,Pending
ORD-1187,  SOFIA SMITH ,sofia.smith18@example.com,Adelaide,2026/5/12,Laptop,3,1299.00,Cancelled
ORD-1054,Liam Taylor,liam.taylor21@example.com,Melbourne,02/11/2026,Monitor,3,349.00,pending
ORD-1092,Ethan Taylor,ethan.taylor44@example.com,Perth,02/15/2026,Headphones,1,199.99,Delivered
ORD-1138,Jack Brown,jack.brown68@example.com,Sydney,02/28/2026,Webcam,5,79.00,Cancelled
ORD-1031,Sofia Brown,sofia.brown72@example.com,sydney,01/15/2026,Webcam,5,79.00,Shipped
ORD-1105,  AISHA WILSON ,aisha.wilson90@example.com,Perth,08/27/2026,Keyboard,2,89.50,Cancelled
ORD-1022,Aisha Smith,aisha.smith48@example.com,ADELAIDE,01/18/2026,Webcam,2,79.00,Shipped
ORD-1120,Noah Nguyen,noah.nguyen64@example.com,Melbourne,03/07/2026,Mouse,3,39.95,Cancelled
ORD-1198,Noah Singh,noah.singh40example.com,Adelaide,05/15/2026,Monitor,1,349.00,Pending
ORD-1043,Ethan Patel,ethan.patel31@example.com,Perth,02/07/2026,Laptop,5,1299.00,Cancelled
ORD-1191,Priya Chen,priya.chen98@example.com,Perth,03/18/2026,Monitor,-3,349.00,cancelled
ORD-1040,Jack Martin,,Adelaide,09/12/2026,Mouse,1,39.95,Pending
ORD-1028,Noah Chen,noah.chen52@example.com,Brisbane,05/20/2026,Webcam,2,79.00,Delivered
ORD-1150,Arjun Singh,arjun.singh64example.com,Melbourne,09/12/2026,Keyboard,3,89.50,Cancelled
ORD-1035,Oliver Patel,oliver.patel78@example.com,Brisbane,09/24/2026,Monitor,5,349.00,Shipped
ORD-1052,Lucas Patel,lucas.patel57@example.com,Brisbane,08/18/2026,Keyboard,5,$89.50,Delivered
ORD-1020,Mei Martin,mei.martin18example.com,perth ,02/10/2026,Laptop,5,1299.00,Pending
ORD-1060,Sofia Nguyen,sofia.nguyen13example.com,Brisbane,06/17/2026,Laptop,2,1299.00,Cancelled
ORD-1070,  NOAH TAYLOR ,noah.taylor83@example.com,Adelaide,04/11/2026,Mouse,5,39.95,delivered
ORD-1116,Liam Patel,liam.patel81@example.com,sydney,03/09/2026,Webcam,5,79.00,Pending
ORD-1082,Ananya Chen,,Perth,09/22/2026,Mouse,5,39.95,Pending
ORD-1084,Aisha Nguyen,aisha.nguyen35@example.com,Sydney,02/22/2026,Mouse,1,39.95,Cancelled
ORD-1189,Ananya Nguyen,ananya.nguyen77@example.com,Sydney,09/08/2026,Keyboard,1,89.50,Pending
ORD-1180,Sofia Nguyen,sofia.nguyen8@example.com,Perth,,Headphones,2,199.99,Pending
ORD-1101,Isla Taylor,isla.taylor11@example.com,Sydney,01/15/2026,Webcam,4,79.00,Delivered
ORD-1081,Mei Martin,mei.martin28@example.com,Melbourne,2026/9/19,Keyboard,1,89.50,Shipped
ORD-1067,Liam Sharma,liam.sharma94example.com,Melbourne,06/19/2026,Monitor,1,349.00,Shipped
ORD-1075,Liam Sharma,,Sydney,2026/4/26,Laptop,3,1299.00,pending
ORD-1061,Ananya Patel,ananya.patel43@example.com,Melbourne,02/21/2026,Mouse,4,39.95,Cancelled
ORD-1034,Sofia Chen,sofia.chen27@example.com,Melbourne,01/14/2026,Mouse,,39.95,Cancelled
ORD-1170,Ethan Singh,ethan.singh38@example.com,sydney,02/16/2026,Keyboard,1,89.50,Cancelled
ORD-1112,Priya Taylor,priya.taylor91@example.com,Adelaide,06/22/2026,Webcam,3,79.00,Delivered
ORD-1016,Mei Taylor,mei.taylor20@example.com,Melbourne,08/22/2026,Monitor,5,349.00,shipped
ORD-1146,Lucas Nguyen,lucas.nguyen83@example.com,Brisbane,06/02/2026,Mouse,4,39.95,Cancelled
